quadro,pergunta,variavel,id,condicao,tipo,mensagem
quadro01.json,Telefone Fixo,V01150101,personalizada,V01150000 == 2 && V01150101 == null && V01150102 == null,erro,Registre pelo menos um número de telefone (fixo ou celular)
quadro01.json,Qual email?,V01160101,email,V01160100 != 2,erro,O email fornecido não está no formato correto. Verifique com o produtor e acerte o e-mail.
quadro01.json,,V01180100,personalizada,V01180100 == 2 && V01180101 != 2 && V01180102 != 2 && V01180103 != 2,erro,Pelo menos uma opção deve ser preenchida.
quadro01.json,Área,V01170100,personalizada,V01170100 == 0 && V01170500 != 2,erro,Deve ser preenchida a área total do estabelecimento ou a opção produtor sem área. Verifique com o produtor e faça o acerto necessário.
quadro01.json,Área,V01170100,personalizada,VW01170300 > 10000,alerta,"Área total maior que 10.000 hectares. confirme com o produtor e faça o acerto, se necessário."
quadro02.json,,V02010000,personalizada,V02010000 == 7,alerta,Confirme se a outra condição não é uma das listadas acima.
quadro02.json,,V05010100,personalizada,(V05010100 == 2) && (V02010000 == 1),alerta,"Estabelecimento possui """"cnpj"""" e a condição do produtor é """"individual"""". Confirme com o produtor essa informação e faça o acerto, se necessário"
quadro02.json,,V05010100,personalizada,(V02010000 == 3 || V02010000 == 4 || V02010000 == 5 || V02010000 == 6) && V05010100 == 1,alerta,CNPJ obrigatório para empresas.
quadro02.json,Quem dirige o estabelecimento?,V02020000,personalizada,V02020000 == 4 && (V02010000 == 1 || V02010000 == 2),erro,Condição legal do produtor é produtor individual ou união de pessoas. O estabelecimento não pode ser dirigido por administrador. Verifique com o produtor e faça o acerto necessário.
quadro02.json,Quem dirige o estabelecimento?,V02020000,personalizada,V02020000 == 2 && V02010000 != 2,erro,"Estabelecimento dirigido por casal, só permite que a condição legal seja um condomínio de pessoas. confirme com o informante e faça o acerto necessário"
quadro02.json,Quem dirige o estabelecimento?,V02020000,personalizada,V02020000 == 5 && V02010000 == 1,erro,Condição legal do produtor é produtor individual e o estebelecimento é dirigido por vários produtores (exploração comunitária) verifique com o produtor e faça a correção necessária.
quadro02.json,Quem dirige o estabelecimento?,V02020000,personalizada,V02020000 != 4 && V02010000 == 3,erro,Condição legal do produtor é Cooperativa e o estebelecimento não é dirigido por administrador. Verifique com o produtor e faça o acerto necessário.
quadro02.json,Quem dirige o estabelecimento?,V02020000,personalizada,V02020000 != 4 && V02010000 == 4,erro,Condição legal do produtor é Sociedade anônima e o estebelecimento não é dirigido por administrador. Verifique com o produtor e faça o acerto necessário.
quadro02.json,Quem dirige o estabelecimento?,V02020000,personalizada,V02020000 != 4 && V02010000 == 5,erro,Condição legal do produtor é Instituição de unidade público e o estebelecimento não é dirigido por administrador. Verifique com o produtor e faça o acerto necessário.
quadro02.json,Quem dirige o estabelecimento?,V02020000,personalizada,V02020000 != 4 && V02010000 == 6,erro,Condição legal do produtor é Governo e o estebelecimento não é dirigido por administrador. Verifique com o produtor e faça o acerto necessário.
quadro02.json,Qual idade do administrador,V02020402,personalizada,V02020402 < 14 || V02020402 > 110,erro,Idade do administrador fora dos parâmetros aceitáveis. corrija
quadro02.json,,V02200000,personalizada,V02200000 > 110 || V02200000 < 14,erro,Idade do produtor fora dos parâmetros aceitáveis. Reveja e corrija.
quadro02.json,,V02220000,personalizada,V02220000 > 04 && V02210000 == 1,erro,Produtor não sabe ler e escrever. Pergunte novamente o nível de escolaridade.
quadro02.json,,V02220000,personalizada,V02220000 > 07 && V02200000 < 13,erro,Confirmar escolaridade e a idade
quadro02.json,,V02220000,personalizada,V02220000 > 11 && V02200000 < 18,erro,Confirmar escolaridade e a idade
quadro02.json,,V02200001,personalizada,V02200001 > 110 || V02200001 < 14,erro,Idade do conjuge fora dos parâmetros aceitáveis. Reveja e corrija.
quadro02.json,,V02220001,personalizada,V02220001 > 04 && V02210001 == 1,erro,Conjuge não sabe ler e escrever. Pergunte novamente o nível de escolaridade.
quadro02.json,,V02220001,personalizada,V02220001 > 07 && V02200001 < 13,erro,Confirmar escolaridade e a idade
quadro02.json,,V02220001,personalizada,V02220001 > 11 && V02200001 < 18,erro,Confirmar escolaridade e a idade
quadro02.json,Telefone Celular (ddd),V02050102,personalizada,V02050000 == 2 && V02050101 == null && V02050102 == null,erro,Registre pelo menos um número de telefone (fixo ou celular)
quadro02.json,,V02090000,personalizada,V02020000 == 4 && V02090000 == 1,erro,Estabelecimento dirigido por administrador não deve aceitar finalidade de consumo próprio.
quadro03.json,Diferença:,VX03100000,personalizada,VX03100000 != 0,erro,"Distribuição das terras do estabelecimento, diferente da área total. Confirme cada parcela com o produtor e faça o acerto para que o campo diferença fique zerado."
quadro04.json,Possui Áreas de Lavoura,V04020001,personalizada,V04020001 != 2 && V04050001 != 2 && V04080001 != 2 && V04120000 > 0,alerta,Confirme com o produtor se não existe outro uso da terra.
quadro04.json,Possui Áreas de Lavoura,V04020001,personalizada,V04020001 != 2 && V04050001 != 2 && V04080001 != 2 && V04120000 == 0,erro,Pelo menos uma opção deve ser preenchida.
quadro04.json,Possui Áreas de Lavoura,V04020001,personalizada,V04020001 == 2 && V04020000 == 0 && V04030000 == 0 && V04040000 == 0,erro,O estabelecimento possui áreas de lavoura mas nenhuma área de lavoura foi preenchida verifique com o produtor e faça o acerto necessário.
quadro04.json,Possui Áreas de Pastagens,V04050001,personalizada,V04050001 == 2 && V04050000 == 0 && V04060000 == 0 && V04070000 == 0,erro,O estabelecimento possui áreas de pastagens mas nenhuma área de pastagem foi preenchida verifique com o produtor e faça o acerto necessário.
quadro04.json,Possui Áreas de Matas,V04080001,personalizada,V04080001 == 2 && V04080000 == 0 && V04090000 == 0 && V04100000 == 0 && V04110000 == 0,erro,O estabelecimento possui áreas de matas mas nenhuma área de mata foi preenchida verifique com o produtor e faça o acerto necessário.
quadro04.json,Diferença:,VX04170000,personalizada,VX04170000 != 0,erro,"Utilização das terras do estabelecimento, diferente da área total. Verifique cada parcela com o produtor e faça o acerto para que o campo diferença fique zerado."
quadro04.json,Compra de particular,V02180100,personalizada,V02180100 != 2 && V02180200 != 2 && V02180300 != 2 && V02180400 != 2 && V02180500 != 2 && V02180600 != 2 && V02180700 != 2 && V02180800 != 2 && V02181000 != 2 && V02181100 != 2 && V02181200 != 2,erro,Pergunta deve ser respondida.
quadro04.json,Compra via crédito fundiário,V02180200,personalizada,V02180200 == 2 && VW01170300 > 1000,erro,Área total do estabelecimento incompatível com a forma de obtenção das terras. confirme com o produtor a área total declarada e a forma de obtenção das terras e faça o acerto necessário.
quadro04.json,Posse não titulada,V02180300,personalizada,V02180300 == 2 && VW01170300 > 1000,erro,Área total do estabelecimento incompatível com a forma de obtenção das terras. confirme com o produtor a área total declarada e a forma de obtenção das terras e faça o acerto necessário.
quadro04.json,Reforma agrária,V02180500,personalizada,V02180500 == 2 && VW01170300 > 1000,erro,Área total do estabelecimento incompatível com a forma de obtenção das terras. confirme com o produtor a área total declarada e a forma de obtenção das terras e faça o acerto necessário.
quadro04.json,Regularização na Amazônia Legal,V02180400,personalizada,V02180400 == 2 && VW01170300 > 1000,erro,Área total do estabelecimento incompatível com a forma de obtenção das terras. confirme com o produtor a área total declarada e a forma de obtenção das terras e faça o acerto necessário.
quadro04.json,Licença de ocupação,V02180700,personalizada,V02180700 == 2 && VW01170300 > 1000,erro,Área total do estabelecimento incompatível com a forma de obtenção das terras. confirme com o produtor a área total declarada e a forma de obtenção das terras e faça o acerto necessário.
quadro04.json,Comunidade Quilombola,V02180600,personalizada,V02180600 == 2 && VW01170300 > 1000,erro,Área total do estabelecimento incompatível com a forma de obtenção das terras. confirme com o produtor a área total declarada e a forma de obtenção das terras e faça o acerto necessário.
quadro04.json,Concessão de terras indígenas,V02181200,personalizada,V02181200 == 2 && VW01170300 > 1000,erro,Área total do estabelecimento incompatível com a forma de obtenção das terras. confirme com o produtor a área total declarada e a forma de obtenção das terras e faça o acerto necessário.
quadro05.json,Quais?,V05030100,personalizada,V05020100 == 2 && V05020300 != 2 && V05020400 != 2 && V05020500 != 2 && V05020600 != 2,erro,Pelo menos uma opção deve ser preenchida.
quadro05.json,"Governo (federal, estadual ou municipal)",V05120100,personalizada,V05120100 != 2 && V05120200 != 2 && V05120300 != 2 && V05120400 != 2 && V05120500 != 2 && V05120600 != 2 && V05120700 != 2 && V05120800 != 2,erro,O preenchimento é obrigatório.
quadro05.json,Televisão,V05400100,personalizada,V05400100 != 2 && V05140200 != 2 && V05400300 != 2 && V05400400 != 2 && V05400500 != 2 && V05400600 != 2 && V05400700 != 2 && V05400800 != 2,erro,O preenchimento é obrigatório.
quadro05.json,Plantio em curvas de nível,V05130100,personalizada,V05130100 != 2 && V05130300 != 2 && V05130500 != 2 && V05130700 != 2 && V05130900 != 2 && V05131000 != 2 && V05131100 != 2 && V05131700 != 2 && V05131900 != 2 && V05132000 != 2,erro,O preenchimento é obrigatório.
quadro05.json,Cultivo convencional (aração mais gradagem) ou gradagem profunda,V05270101,personalizada,V05270101 != 2 && V05270102 != 2 && V05270103 != 2 && V05270100 != 1,erro,Houve sistema de preparo do solo e não foi marcado nenhum tipo de sistema. Confirme com o produtor e faça o acerto se necessário.
quadro05.json,Qual a área de plantio direto [getValorDeExibicao(V01170200)]?,V05270104,personalizada,(V05270103 == 2) && (VW05270104 > (VW01170300 * 1.5)),alerta,"Área de plantio direto maior que a área total do estabelecimento, confirme esta área com o produtor e corrija se necessário"
quadro05.json,Não,V05310100,personalizada,V05310100 != 1 && V05310102 != 2 && V05310103 != 2 && V05310104 != 2 && V05310105 != 2,erro,Preenchimento obrigatório.
quadro05.json,Unidade de medida:,V01170200,personalizada,VW05340112 > VW01170300,alerta,"Total de área irrigada maior que o total da área do estabelecimento. Confirme com o produtor as áreas declaradas em cada método e faça o acerto, se necessário"
quadro05.json,"Sistema de irrigação por superfície (inundação, sulcos, corrugação, faixa)",V05340001,personalizada,V05340001 != 2 && V05340002 != 2 && V05340003 != 2 && V05340004 != 2,erro,Preenchimento de pelo menos uma opção é obrigatório.
quadro05.json,Inundação,V05340101,personalizada,V05340101 == 0 && V05340102 == 0 && V05340103 == 0,erro,Preenchimento obrigatório.
quadro05.json,Autopropelido / carretel enrolador,V05340104,personalizada,V05340104 == 0 && V05340105 == 0 && V05340106 == 0,erro,Preenchimento obrigatório.
quadro05.json,Pivô central,V05340105,personalizada,V05030100 == 1 && V05340105 > 0,alerta,Irrigação por pivô central sem utilização de energia elétrica. Confirme com o produtor e faça o acerto no quadro correspondente
quadro05.json,Gotejamento,V05340107,personalizada,V05340107 == 0 && V05340108 == 0 && V05340109 == 0,erro,Preenchimento obrigatório.
quadro05.json,Subsuperficial,V05340110,personalizada,V05340110 == 0 && V05340111 == 0,erro,Preenchimento obrigatório.
quadro05.json,"Molhação(com mangueiras, baldes, regadores, etc.)",V05340111,personalizada,(VW05340112 > 500),alerta,"Total de área irrigada maior que 500 hectares. Confirme com o produtor as áreas declaradas em cada método e faça o acerto, se necessário"
quadro06.json,Número de armazéns convencionais e estruturais,V06030101,personalizada,V06030101 == 0 && V06040300 == 0 && V06040500 == 0 && V06040700 == 0,erro,Pelo menos uma opção de tipos de depósitos deve ser preenchida.
quadro06.json,Número de armazéns convencionais e estruturais,V06030101,personalizada,V06030101 > 10,alerta,"Total de armazéns convencionais e estruturais acima do esperado. Confirme com o produtor e faça o acerto, se necessário"
quadro06.json,Capacidade de armazéns convencionais e estruturais (kg),V06030102,personalizada,V06030101 > 0 && V06030102 > 0 && (V06030102 / V06030101) < 500,alerta,"Capacidade média dos armazéns convencionais e estruturais menor que 500 kg. Confirme com o produtor e faça o acerto, se necessário."
quadro06.json,Capacidade de armazéns convencionais e estruturais (kg),V06030102,personalizada,V06030101 > 0 && V06030102 > 0 && (V06030102 / V06030101) > 10000000,alerta,"Capacidade média dos armazéns convencionais e estruturais maior que 10.000.000 de quilos. Confirme com o produtor e faça o acerto, se necessário."
quadro06.json,Número de infláveis,V06040300,personalizada,V06040300 > 10,alerta,"Total de armazéns infláveis acima do esperado. Confirme com o produtor e faça o acerto, se necessário."
quadro06.json,Capacidade de infláveis (kg),V06040400,personalizada,V06040300 > 0 && V06040400 > 0 && (V06040400 / V06040300) < 500,alerta,"Capacidade média dos infláveis menor que 500 kg. Confirme com o produtor e faça o acerto, se necessário."
quadro06.json,Capacidade de infláveis (kg),V06040400,personalizada,V06040300 > 0 && V06040400 > 0 && (V06040400 / V06040300) > 10000000,alerta,"Capacidade média dos infláveis maior que 10.000.000 de quilos. Confirme com o produtor e faça o acerto, se necessário."
quadro06.json,Número de armazéns graneleiros e granelizados,V06040500,personalizada,V06040500 > 10,alerta,"Total de armezéns graneleiros e granelizados acima do esperado. Confirme com o produtor e faça o acerto, se necessário."
quadro06.json,Capacidade de armazéns graneleiros e granelizados (kg),V06040600,personalizada,V06040500 > 0 && V06040600 > 0 && (V06040600 / V06040500) < 500,alerta,"Capacidade média dos armazéns graneleiros e granelizados menor que 500 kg. Confirme com o produtor e faça o acerto, se necessário."
quadro06.json,Capacidade de armazéns graneleiros e granelizados (kg),V06040600,personalizada,V06040500 > 0 && V06040600 > 0 && (V06040600 / V06040500) > 10000000,alerta,"Capacidade média dos armazéns graneleiros e granelizados maior que 10.000.000 de quilos. Confirme com o produtor e faça o acerto, se necessário."
quadro06.json,Número de Silos,V06040700,personalizada,V06040700 > 10,alerta,"Total de silos de grãos acima do esperado. Confirme com o produtor e faça o acerto, se necessário."
quadro06.json,Capacidade de Silos (kg),V06040800,personalizada,V06040700 > 0 && V06040800 > 0 && (V06040800 / V06040700) < 500,alerta,"Capacidade média dos Silos menor que 500 kg. Confirme com o produtor e faça o acerto, se necessário."
quadro06.json,Capacidade de Silos (kg),V06040800,personalizada,V06040700 > 0 && V06040800 > 0 && (V06040800 / V06040700) > 10000000,alerta,"Capacidade média dos Silos maior que 10.000.000 de quilos. Confirme com o produtor e faça o acerto, se necessário."
quadro07.json,Número de total de tratores,V07020101,personalizada,V07020101 == 0 && V07020102 == 0 && V07020501 == 0 && V07020601 == 0 && V07020801 == 0 && V07020100 != 1,erro,"Preencha o número de tratores, implementos, máquinas ou a opção não houve"
quadro07.json,Número de total de tratores,V07020101,personalizada,V07020101 > 10,alerta,"Número de tratores acima do esperado. Confirme com o produtor e faça o acerto, se necessário."
quadro07.json,Número de tratores com mais de 100cv,V07020102,personalizada,V07020102 > V07020101,erro,Número de tratores com mais de 100cv maior que o total de tratores.
quadro07.json,Número de semeadeiras ou plantadeiras:,V07020501,personalizada,V07020501 > 10,alerta,"Número de semeadeiras ou plantadeiras acima do esperado. Confirme com o produtor e faça o acerto, se necessário."
quadro07.json,Número de colheitadeiras:,V07020601,personalizada,V07020601 > 10,alerta,"Número de colheitadeiras acima do esperado. Confirme com o produtor e faça o acerto, se necessário."
quadro07.json,Número de adubadeiras ou distribuidoras de calcário:,V07020801,personalizada,V07020801 > 20,alerta,"Número de adubadeiras ou distribuidoras de calcário acima do esperado. Confirme com o produtor e faça o acerto, se necessário."
quadro07.json,Número de caminhões,V07021101,personalizada,V07021101 == 0 && V07021201 == 0 && V07021301 == 0 && V07021501 == 0 && V07021601 == 0 && V07021100 != 1,erro,Preencha o número de veiculos ou a opção não houve veiculos
quadro07.json,Número de caminhões,V07021101,personalizada,V07020100 == 1 && V07021100 == 1,erro,"No quesito 1 foi informado que existe tratores ou veículos no estabelecimento, mas foram marcado as opções não houve trator e não houve veículos."
quadro07.json,Número de caminhões,V07021101,personalizada,V07021101 > 20,alerta,"Número de caminhões acima do esperado. Confirme com o produtor e faça o acerto, se necessário."
quadro07.json,Número de  utilitários,V07021201,personalizada,V07021201 > 20,alerta,"Número de utilitários acima do esperado. Confirme com o produtor e faça o acerto, se necessário."
quadro07.json,Número de automóveis:,V07021301,personalizada,V07021301 > 20,alerta,"Número de automóveis acima do esperado. Confirme com o produtor e faça o acerto, se necessário."
quadro07.json,Número de motocicletas,V07021501,personalizada,V07021501 > 20,alerta,"Número de motocicletas acima do esperado. Confirme com o produtor e faça o acerto, se necessário."
quadro07.json,Número de aviões e aeronaves para uso agrícola,V07021601,personalizada,V07021601 > 5,alerta,"Número de aviões de uso agrícola acima do esperado. Confirme com o produtor e faça o acerto, se necessário."
quadro08.json,Menos de 90 dias,V09000001,personalizada,(V09000001 + V09000002 + V09000003 == 0) && (V02010000 == 1 || V02010000 == 2),erro,O preenchimento do quesito é obrigatório
quadro08.json,Menos de 90 dias,V09000001,personalizada,V09000001 > 50,alerta,Solicite a confirmação do número de trabalhadores com laços de parentesco com menos de 90 dias
quadro08.json,De 90 a menos de 180 dias,V09000002,personalizada,V09000002 > 50,alerta,Solicite a confirmação do número de trabalhadores com laços de parentesco De 90 a menos de 180 dias
quadro08.json,De 180 dias e mais,V09000003,personalizada,V09000003 > 50,alerta,Solicite a confirmação do número de trabalhadores com laços de parentesco De 180 dias e mais
quadro08.json,Menos de 90 dias,V09010101,personalizada,V09010101 + V09010102 + V09010103 == 0 && V02020000 == 4,erro,"Deve haver pelo menos o administrador, verifique com o produtor e faça o acerto necessário"
quadro08.json,Menos de 90 dias,V09010101,personalizada,V09010101 > 50,alerta,Solicite a confirmação do número de trabalhadores permanentes com menos de 90 dias
quadro08.json,De 90 a menos de 180 dias,V09010102,personalizada,V09010102 > 50,alerta,Solicite a confirmação do número de trabalhadores permanentes De 90 a menos de 180 dias
quadro08.json,De 180 dias e mais,V09010103,personalizada,V09010103 > 50,alerta,Solicite a confirmação do número de trabalhadores permanentes De 180 dias e mais
quadro08.json,De 180 dias e mais,V09010103,personalizada,(V09010101 + V09010102 + V09010103) == 0 && V02020000 != 4 && V09010100 != 1,erro,O preenchimento do quesito é obrigatório.
quadro08.json,Menos de 90 dias,V09020201,personalizada,V09020201 + V09020202 + V09020203 == 0 && V09010200 != 1,erro,O preenchimento do quesito é obrigatório
quadro08.json,Menos de 90 dias,V09020201,personalizada,V09020201 > 50,alerta,Solicite a confirmação do número de trabalhadores temporários ou parceiros sem laços de parentesco com menos de 90 dias
quadro08.json,De 90 a menos de 180 dias,V09020202,personalizada,V09010102 > 50,alerta,Solicite a confirmação do número de trabalhadores temporários ou parceiros sem laços de parentesco De 90 a menos de 180 dias
quadro08.json,De 180 dias e mais,V09020203,personalizada,V09020203 > 50,alerta,Solicite a confirmação do número de trabalhadores temporários ou parceiros sem laços de parentesco De 180 dias e mais
quadro08.json,Contratação feita através de Empreiteiro (pessoa física),V12010101,personalizada,V12010101 != 2 && V12010102 != 2 && V12010103 != 2 && V12010104 != 2 && V12010000 == 2,erro,Os meios de contratação devem ser preenchidos
quadro08.json,Quantos dias utilizou na empreitada?,V12030100,personalizada,V12030100 > 365,erro,Dias de empreitada superior aos dias de um ano
quadro09.json,Homens de 14 anos ou mais,V08010101,personalizada,V08010101 + V08010102 + V08010201 + V08010202 == 0  && (V02010000 == 1 || V02010000 == 2),erro,Pelo menos o produtor deve ser contabilizado
quadro09.json,Homens de 14 anos ou mais,V08010101,personalizada,(V08010101 + V08010102 + V08010201 + V08010202)  > VW09000000,erro,"Número de pessoas com laços de parentesco em 30/09/2017 não pode ser maior do que o número de  pessoas com laços de parentesco no período de 01/10/2016 a 30/09/2017. (Quadro 8, quesito 1). Confirme com o produtor e corrija."
quadro09.json,Homens de 14 anos ou mais,V10010101,personalizada,(V10010101 + V10010102 + V10010201 + V10010202) == 0 && V10010100 != 1,erro,Deve haver pelo menos um trabalhador permanente ou ser marcada a opção de que não houve trabalhadores permanentes.
quadro09.json,Homens de 14 anos ou mais,V10010101,personalizada,V10010101 > 50,alerta,Confirmar o total de trabalhadores.
quadro09.json,Homens com menos de 14 anos,V10010102,personalizada,V10010102 > 50,alerta,Confirmar o total de trabalhadores.
quadro09.json,Mulheres de 14 anos ou mais,V10010201,personalizada,V10010201 > 50,alerta,Confirmar o total de trabalhadores.
quadro09.json,Mulheres com menos de 14 anos,V10010202,personalizada,V10010202 > 50,alerta,Confirmar o total de trabalhadores.
quadro09.json,Mulheres com menos de 14 anos,V10010202,personalizada,VW10010003 > VW09000001,erro,"Número de trabalhadores permanentes em 30/09/2017 não pode ser maior do que o número de trabalhadores permanentes no período de 01/10/2016 a 30/09/2017. (Quadro 8, quesito 2). Confirme com o produtor e corrija."
quadro09.json,Homens de 14 anos ou mais,V10020101,personalizada,(V10020101 + V10020102 + V10020201 + V10020202) == 0 && V10020100 != 1,erro,Deve haver pelo menos um trabalhador temporário ou ser marcada a opção de que não houve trabalhadores temporários.
quadro09.json,Homens de 14 anos ou mais,V10020101,personalizada,V10020101 > 50,alerta,Confirmar o total de trabalhadores.
quadro09.json,Homens com menos de 14 anos,V10020102,personalizada,V10020102 > 50,alerta,Confirmar o total de trabalhadores.
quadro09.json,Mulheres de 14 anos ou mais,V10020201,personalizada,V10020201 > 50,alerta,Confirmar o total de trabalhadores.
quadro09.json,Mulheres com menos de 14 anos,V10020202,personalizada,V10020202 > 50,alerta,Confirmar o total de trabalhadores.
quadro09.json,Mulheres com menos de 14 anos,V10020202,personalizada,VW10020003 > VW09000002,erro,"Número de trabalhadores temporários em 30/09/2017 não pode ser maior do que o número de trabalhadores temporários no período de 01/10/2016 a 30/09/2017. (Quadro 8, quesito 3). Confirme com o produtor e corrija."
quadro09.json,Homens de 14 anos ou mais,V10030101,personalizada,(V10030101 + V10030102 + V10030201 + V10030202) == 0 && V10030100 != 1,erro,Deve haver pelo menos um trabalhador parceiro ou ser marcada a opção de que não houve trabalhadores parceiros.
quadro09.json,Homens de 14 anos ou mais,V10030101,personalizada,V10030101 > 50,alerta,Confirmar o total de trabalhadores.
quadro09.json,Homens com menos de 14 anos,V10030102,personalizada,V10030102 > 50,alerta,Confirmar o total de trabalhadores.
quadro09.json,Mulheres de 14 anos ou mais,V10030201,personalizada,V10030201 > 50,alerta,Confirmar o total de trabalhadores.
quadro09.json,Mulheres com menos de 14 anos,V10030202,personalizada,V10030202 > 50,alerta,Confirmar o total de trabalhadores.
quadro10.json,Criação de bovinos,V13011400,personalizada,V13011400 != 2 && V13011500 != 2 && V13011600 != 2 && V13011700 != 2 && V13011800 != 2 && V13011900 != 2 && V13012000 != 2 && V13012100 != 2 && V13012200 != 2 && V13012400 != 2 && V13012500 != 2 && V13012700 != 2 && V13012800 != 2 && V13012900 != 2 && V13013000 != 2 && V13013100 != 2 && V13013200 != 2 && V13010000 != 1,erro,Preencha os campos ou marque a opção 'não houve criação de animais'
quadro10.json,Não,V13080000,personalizada,V13080000 != 2 && V13080101 != 2 && V13080102 != 2 && V13080103 != 2,erro,Pelo menos uma opção deve ser preenchida
quadro11.json,Qual era o total de bovinos em 30/09/2017?,V14010101,personalizada,(V14010101 > 50 && (VW14060000 > 3 || VW14060000 < 0.2)) || V14010101 > 20000,alerta,Número de bovinos maior que o esperado ou relação de bovinos por área de pastagem em hectare diferente do esperado. Confirme com o produtor o total de bovinos e a área de pastagem.
quadro11.json,Vacas reprodutoras,V14090302,personalizada,V14090302 > V14010101,erro,Número de vacas não pode ser maior que o efetivo de bovinos.
quadro11.json,"Sim, em outro estabelecimento",V14040103,personalizada,V14040000 == 1 && V14040101 == 1 && V14040103 == 1,erro,Preencha pelo menos um dos campos.
quadro11.json,Qual foi o número de bovinos vendidos no período de 01/10/2016 a 30/09/2017?,V14130101,personalizada,V14130101 == 0 && V14130000 != 1,erro,Preencha o número de bovinos vendidos ou marque a opção que não houve venda de bovinos.
quadro11.json,Valor total de bovinos vendidos,V14130102,personalizada,V14130102 > 0 && VW14130100 < 80,alerta,"Valor de bovinos vendidos, abaixo do esperado. Confirme com o produtor o total de bovinos vendidos e o valor total desses animais."
quadro11.json,Valor total de bovinos vendidos,V14130102,personalizada,V14130102 > 0 && VW14130100 > 2000,alerta,Valor de bovinos vendidos acima do esperado. Confirme com o produtor o total de bovinos vendidos e o valor total desses animais.
quadro11.json,Matrizes e Reprodutores,V14130201,personalizada,V14130201 > 10 && (V14130201 / V14010101) > 0.3,alerta,Número de matrizes e reprodutores vendidos acima do esperado. Confirme esse número com o produtor.
quadro11.json,Matrizes e Reprodutores,V14130201,personalizada,(V14130201 + V14130301 + V14130401) == 0  && V14130000 != 1,erro,Preencha o número de bovinos vendidos ou marque a opção que não houve venda de bovinos.
quadro11.json,Valor total de matrizes e reprodutores vendidos,V14130202,personalizada,V14130201 > 0 && VW14130200 < 200,alerta,Valor de matrizes de bovinos vendidas abaixo do esperado. Confirme com o produtor o total de matrizes e o valor total das matrizes.
quadro11.json,Valor total de matrizes e reprodutores vendidos,V14130202,personalizada,V14130201 > 0 && VW14130200 > 20000,alerta,Valor de matrizes de bovinos vendidas acima do esperado. Confirme com o produtor o total de matrizes e o valor total das matrizes.
quadro11.json,"Cria, recria, engorda ou trabalho",V14130301,personalizada,V14130301 > 50 && (V14130301 / V14010101) > 0.6,alerta,"Número de bovinos vendidos para cria, recria, engorda ou trabalho acima do esperado. Confirme esse número com o produtor."
quadro11.json,"Valor total de cria, recria, engorda ou trabalho vendidos",V14130302,personalizada,V14130302 > 0 && VW14130300 < 200,alerta,"Valor de bovinos para cria, recria e engorda vendidos abaixo do esperado. Confirme com o produtor o total de animais para cria, recria e engorda vendidos e o valor total desses animais."
quadro11.json,"Valor total de cria, recria, engorda ou trabalho vendidos",V14130302,personalizada,V14130302 > 100000 && VW14130300 > 1500,alerta,"Valor de bovinos para cria, recria e engorda vendidos acima do esperado. Confirme com o produtor o total de animais para cria, recria e engorda vendidos e o valor total desses animais."
quadro11.json,Vendidos para abate,V14130401,personalizada,V14130401 > 50 && (V14130401 / V14010101) > 0.6,alerta,Número de animais vendidos para o abate acima do esperado. Confirme esse número com o produtor.
quadro11.json,Valor total de animais vendidos para o abate,V14130402,personalizada,V14130402 > 0 && VW14130400 < 80,alerta,Valor de bovinos vendidos para o abate abaixo do esperado. Confirme com o produtor o número e o valor total desses animais.
quadro11.json,Valor total de animais vendidos para o abate,V14130402,personalizada,V14130402 > 400000 && VW14130400 > 3000,alerta,Valor de bovinos vendidos para o abate acima do esperado. Confirme com o produtor o número e o valor total desses animais.
quadro11.json,Número de vacas ordenhadas,V14160101,personalizada,V14160101 > 5 && V14160101 > (1.5 * V14090302) && V14090302 > 0,alerta,Relação alta entre vacas ordenhadas e vacas existentes. confirme com o produtor o número de vacas existentes e ordenhadas.
quadro11.json,Leite produzido (Litros),V14160201,personalizada,V14160201 > 10000 && (V14160201 / V14160101) > 5000,alerta,Rendimento de leite por vaca acima do esperado. Confirme com o produtor o número de vacas ordenhadas e a quantidade de leite produzido.
quadro11.json,Leite produzido (Litros),V14160201,personalizada,V14160201 > 10000 && (V14160201 / V14160101) < 200,alerta,Rendimento de leite por vaca abaixo do esperado. Confirme com o produtor o número de vacas ordenhadas e a quantidade de leite produzido.
quadro11.json,Leite produzido (Litros),V14160201,personalizada,V14160201 > 0 && V14160101 == 0,erro,Leite produzido sem vacas ordenhadas. Confirme com o produtor o número de vacas ordenhadas.
quadro11.json,Leite produzido (Litros),V14160201,personalizada,V14160101 > 0 && VW14160000 > 8000,alerta,Rendimento de leite por vaca acima do esperado. Confirme com o produtor o número de vacas ordenhadas e a quantidade de leite produzido.
quadro11.json,Leite produzido (Litros),V14160201,personalizada,V14160101 > 0 && VW14160000 < 100,alerta,Rendimento de leite por vaca abaixo do esperado. Confirme com o produtor o número de vacas ordenhadas e a quantidade de leite produzido.
quadro11.json,Leite cru vendido (mesmo resfriado),V14160301,personalizada,V14160301 > V14160201,erro,Leite vendido maior que leite produzido. Confirme essas quantidades com o produtor e faça o acerto necessário.
quadro11.json,Preço médio do leite cru vendido,V14160401,personalizada,V14160401 > 0 && V14160401 > 3,alerta,Preço médio do litro do leite cru vendido acima do esperado. Confirme com o produtor o preço de venda de 1 litro de leite de vaca.
quadro11.json,Preço médio do leite cru vendido,V14160401,personalizada,V14160401 > 0 && V14160401 < 0.25,alerta,Preço médio do litro do leite cru vendido abaixo do esperado. Confirme com o produtor o preço de venda de 1 litro de leite de vaca.
quadro11.json,Não houve produção de leite de vaca ,V14160000,personalizada,V14010000 == 1 && V14130000 == 1 && V14160000 == 1,alerta,"Foi marcada a opção bovinos mas não houve efetivo, nem venda e nem produção de leite. Confirme com o produtor e faça o acerto, se necessário."
quadro11.json,Não houve produção de leite de vaca ,V14160000,personalizada,V14160101 == 0 && V14160000 != 1,erro,Preencha o número de vacas ordenhadas ou a opção de que não houve produção de leite.
quadro12.json,Número de animais em 30/09/2017,V15010101,personalizada,V15010101 == 0 && V15010000 != 1,erro,Preencha o número de bubalinos ou marque a opção não houve. Faça o acerto.
quadro12.json,Número de animais em 30/09/2017,V15010101,personalizada,V15010101 > 2000,alerta,"Total de bubalinos acima do esperado. Confirme este número com o produtor e faça o acerto, se for necessário."
quadro12.json,Animais vendidos no período de 01/10/2016 a 30/09/2017,V15010501,personalizada,V15010501 == 0 && V15010102 != 1,erro,Preencha o número de bubalinos vendidos ou marque a opção não houve. Faça o acerto.
quadro12.json,Valor dos bubalinos vendidos,V15010502,personalizada,V15010501 > 0 && VW15010500 > 2000,alerta,Valor de bubalinos vendidos acima do esperado. Confirmar com o produtor o número de bubalinos vendidos e o valor total desses animais.
quadro12.json,Valor dos bubalinos vendidos,V15010502,personalizada,V15010501 > 0 && VW15010500 < 80,alerta,Valor de bubalinos vendidos abaixo do esperado. Confirmar com o produtor o número de bubalinos vendidos e o valor total desses animais.
quadro12.json,Búfalas ordenhadas,V15020101,personalizada,V15020000 != 1 && V15020101 == 0,erro,O preenchimento do quesito é obrigatório
quadro12.json,Leite produzido,V15020201,personalizada,VW15020100 > 6000,alerta,Rendimento de leite de búfala acima do esperado. Confirme com o produtor a quantidade de leite de búfala produzido e o número de búfalas ordenhadas.
quadro12.json,Leite produzido,V15020201,personalizada,V15020201 > 0 && VW15020100 < 150,alerta,Rendimento de leite de búfala abaixo do esperado. Confirme com o produtor a quantidade de leite de búfala produzido e o número de búfalas ordenhadas.
quadro12.json,Leite vendido,V15020301,personalizada,V15020301 > V15020201,erro,Leite vendido maior que produzido. Confirme essas quantidades com o produtor e faça o acerto necessário.
quadro12.json,Preço médio do Leite vendido,V15020401,personalizada,V15020401 > 3 && V15020401 > 0,alerta,Preço médio do litro de leite de búfala acima do esperado. Confirme com o produtor o preço de venda de 1 litro de leite de búfala.
quadro12.json,Preço médio do Leite vendido,V15020401,personalizada,V15020401 < 0.25 && V15020401 > 0,alerta,Preço médio do litro de leite de búfala abaixo do esperado. Confirme com o produtor o preço de venda de 1 litro de leite de búfala.
quadro12.json,Não houve produção de leite de búfala no período de 01/10/2016 a 30/09/2017,V15020000,personalizada,V15010000 == 1 && V15010102 == 1 && V15020000 == 1,alerta,"Foi marcada a opção bubalinos mas não houve efetivo, nem venda e nem produção de leite. Confirme com o produtor e faça o acerto, se necessário."
quadro13.json,Número de animais em 30/09/2017,V16010101,personalizada,V16010101 == 0 && V16010000 != 1,erro,"Preenchimento obrigatório, deve ser preenchido o número de equinos ou a opção não houve equinos."
quadro13.json,Número de animais em 30/09/2017,V16010101,personalizada,V16010101 > 20,alerta,Total de equinos acima do esperado. Confirme este número com o produtor e faça o acerto se for necessário.
quadro13.json,Animais vendidos no período de 01/10/2016 a 30/09/2017,V16010501,personalizada,VW16010201 > 2,alerta,Total de nascidos acima do esperado. Confirme este número com o produtor e faça o acerto necessário.
quadro13.json,Animais vendidos no período de 01/10/2016 a 30/09/2017,V16010501,personalizada,V16010501 == 0 && V16010102 != 1,erro,"Preenchimento obrigatório, deve ser preenchido o número de equinos vendidos ou a opção não houve equinos vendidos."
quadro13.json,Valor:,V16010502,personalizada,V16010501 > 0 && VW16010500 > 7000,alerta,Valor de equinos vendidos acima do esperado. Confirmar com o produtor o número de equinos vendidos e o valor total desses animais.
quadro13.json,Valor:,V16010502,personalizada,V16010501 > 0 && VW16010500 < 100,alerta,Valor de equinos vendidos abaixo do esperado. Confirmar com o produtor o número de equinos vendidos e o valor total desses animais.
quadro13.json,Não houve venda de equinos no estabelecimento no período de 01/10/2016 a 30/09/2017,V16010102,personalizada,V16010102 == 1 && V16010000 == 1,alerta,"Foi marcada a opção equinos mas não houve efetivo, nem venda. Confirme com o produtor e faça o acerto, se necessário."
quadro14.json,Número de animais em 30/09/2017,V17010101,personalizada,V17010101 == 0 && V17010000 != 1,erro,Preenchimento obrigatório. Preencha o número de asininos ou a opção não houve asininos.
quadro14.json,Número de animais em 30/09/2017,V17010101,personalizada,V17010101 > 20,alerta,Total de asininos acima do esperado. Confirme este número com o produtor e faça o acerto se for necessário.
quadro14.json,Animais vendidos no período de 01/10/2016 a 30/09/2017,V17010501,personalizada,V17010501 == 0 && V17010102 != 1,erro,Preenchimento obrigatório. Preencha o número de asininos vendidos ou a opção não houve asininos.
quadro14.json,Valor:,V17010502,personalizada,VW17010500 > 7000 && V17010501 > 0,alerta,Valor de asininos vendidos acima do esperado. Confirmar com o produtor o número de asininos vendidos e o valor total desses animais.
quadro14.json,Valor:,V17010502,personalizada,VW17010500 < 100 && V17010501 > 0,alerta,Valor de asininos vendidos abaixo do esperado. Confirmar com o produtor o número de asininos vendidos e o valor total desses animais.
quadro14.json,Não houve venda de asininos no estabelecimento no período de 01/10/2016 a 30/09/2017,V17010102,personalizada,V17010102 == 1 && V17010000 == 1,alerta,"Foi marcada a opção asininos mas não houve efetivo, nem venda. Confirme com o produtor e faça o acerto, se necessário."
quadro15.json,Número de animais em 30/09/2017,V18010101,personalizada,V18010101 == 0 && V18010000 != 1,erro,Preenchimento obrigatório. Preencha o múmero de muares ou a opção não houve murares.
quadro15.json,Número de animais em 30/09/2017,V18010101,personalizada,V18010101 > 20,alerta,Total de muares acima do esperado. Confirme este número com o produtor e faça o acerto se for necessário.
quadro15.json,Animais vendidos no período de 01/10/2016 a 30/09/2017,V18010501,personalizada,VW18010201 > 2,alerta,"Total de nascidos acima do esperado. Confirme com o produtor o total de muares, o número de nascidos, vendidos e vitimados e faça o acerto necessário."
quadro15.json,Animais vendidos no período de 01/10/2016 a 30/09/2017,V18010501,personalizada,V18010501 == 0 && V18010102 != 1,erro,Preenchimento obrigatório. Preencha o múmero de muares ou a opção não houve murares.
quadro15.json,Valor:,V18010502,personalizada,VW18010500 > 7000 && V18010501 > 0,alerta,Valor de muares vendidos acima do esperado. Confirmar com o produtor o número de muares vendidos e o valor total desses animais.
quadro15.json,Valor:,V18010502,personalizada,VW18010500 < 100 && V18010501 > 0,alerta,Valor de muares vendidos abaixo do esperado. Confirmar com o produtor o número de muares vendidos e o valor total desses animais.
quadro15.json,Não houve venda de muares no estabelecimento em 30/09/2017,V18010102,personalizada,V18010102 == 1 && V18010000 == 1,alerta,"Foi marcada a opção muares mas não houve efetivo, nem venda. Confirme com o produtor e faça o acerto, se necessário"
quadro16.json,Número de animais em 30/09/2017,V19010101,personalizada,V19010101 == 0 && V19010000 != 1,erro,Preenchimento Obrigatório. Deve ser preenchido o número de suinos ou a opção não houve.
quadro16.json,Número de animais em 30/09/2017,V19010101,personalizada,V19010101 > 10000,alerta,Total de suínos acima do esperado. Confirme este número com o produtor e faça o acerto se for necessário.
quadro16.json,Para engorda,V19020101,personalizada,(V19020101 + V19020201 + V19020301) != V19010101,erro,Soma de suínos para engorda e reprodução diferente do total de suínos. Confirme com o produtor a quantidade desses animais e faça o acerto necessário.
quadro16.json,Animais vendidos no período de 01/10/2016 a 30/09/2017,V19030401,personalizada,V19030401 == 0 && V19010102 != 1,erro,Preencha o número de vendidos ou marque que não houve venda.
quadro16.json,Valor:,V19030402,personalizada,VW19030400 > 700 && V19030401 > 0,alerta,Valor de suínos vendidos acima do esperado. Confirmar com o produtor o número de suínos vendidos e o valor total desses animais.
quadro16.json,Valor:,V19030402,personalizada,VW19030400 < 20 && V19030401 > 0,alerta,Valor de suínos vendidos abaixo do esperado. Confirmar com o produtor o número de suínos vendidos e o valor total desses animais.
quadro16.json,Não houve venda de suínos no estabelecimento no período de 01/10/2016 a 30/09/2017,V19010102,personalizada,V19010102 == 1 && V19010000 == 1,alerta,"Foi marcada a opção suínos mas não houve efetivo, nem venda. Confirme com o produtor e faça o acerto, se necessário"
quadro17.json,Número de animais em 30/09/2017,V20010101,personalizada,V20010101 == 0 && V20010000 != 1,erro,Preenchimento obrigatório. Deve ser preenchido o número de caprinos ou a opção não houve.
quadro17.json,Número de animais em 30/09/2017,V20010101,personalizada,V20010101 > 2000,alerta,Total de caprinos acima do esperado. Confirme este número com o produtor e faça o acerto se for necessário.
quadro17.json,Animais vendidos no período de 01/10/2016 a 30/09/2017,V20030401,personalizada,V20030401 == 0 && V20010102 != 1,erro,Preenchimento obrigatório. Deve ser preenchido o número de caprinos vendidos ou a opção não houve.
quadro17.json,Valor:,V20030402,personalizada,VW20030400 > 500,alerta,Valor de caprinos vendidos acima do esperado. Confirmar com o produtor o número de caprinos vendidos e o valor total desses animais.
quadro17.json,Valor:,V20030402,personalizada,VW20030400 < 20 && V20030402 > 0,alerta,Valor de caprinos vendidos abaixo do esperado. Confirmar com o produtor o número de caprinos vendidos e o valor total desses animais.
quadro17.json,Cabras ordenhadas,V20040101,personalizada,(V20040101 + V20040201 + V20040301) == 0 && V20040000 != 1,erro,Preencha uma das opções ou marque a opção de que não houve produção de leite.
quadro17.json,Leite produzido (litros),V20040201,personalizada,V20040201 > 0 && V20040101 == 0,erro,Leite de cabra produzido sem cabras ordenhadas. Confirme com o produtor o número de cabras ordenhadas e faça o acerto necessário.
quadro17.json,Leite produzido (litros),V20040201,personalizada,V20040101 > 0 && V20040201 == 0,erro,Cabras ordenhadas sem leite de cabra produzido. Confirmar com o produtor a quantidade de leite de cabra produzido.
quadro17.json,Leite produzido (litros),V20040201,personalizada,VW20040200 > 2000,alerta,Rendimento de leite de cabra acima do esperado. Confirmar com o produtor o número de cabras ordenhadas e a quantidade de leite produzido
quadro17.json,Leite produzido (litros),V20040201,personalizada,VW20040200 < 30 && V20040201 > 0,alerta,Rendimento de leite de cabra abaixo do esperado. Confirmar com o produtor o número de cabras ordenhadas e a quantidade de leite produzido.
quadro17.json,Leite vendido (litros),V20040301,personalizada,V20040301 > V20040201,erro,Leite de cabra vendido maior que o produzido. Verifique com o produtor e faça os acertos necessários.
quadro17.json,Preço médio do leite vendido,V20040401,personalizada,V20040401 > 5 && V20040301 > 0,alerta,Preço médio do litro de leite de cabra acima do esperado. Confirme com o produtor o preço de venda de 1 litro de leite de cabra.
quadro17.json,Preço médio do leite vendido,V20040401,personalizada,V20040401 < 0.2 && V20040401 > 0,alerta,Preço médio do litro de leite de cabra abaixo do esperado. Confirme com o produtor o preço de venda de 1 litro de leite de cabra.
quadro17.json,Não houve produção de leite no estabelecimento no período de 01/10/2016 a 30/09/2017,V20040000,personalizada,V20010102 == 1 && V20010000 == 1 && V20040000 == 1,alerta,"Foi marcada a opção caprinos mas não houve efetivo, nem venda, nem produção de leite. Confirme com o produtor e faça o acerto, se necessário"
quadro18.json,Número de animais em 30/09/2017,V21010101,personalizada,V21010101 == 0 && V21010000 != 1,erro,Preenchimento obrigatório. Deve ser preenchido o número de ovinos ou a opção não houve
quadro18.json,Número de animais em 30/09/2017,V21010101,personalizada,V21010101 > 2000,alerta,Total de ovinos acima do esperado. Confirme este número com o produtor e faça o acerto se for necessário.
quadro18.json,Animais vendidos no período de 01/10/2016 a 30/09/2017,V21030401,personalizada,V21030401 == 0 && V21010102 != 1,erro,Preenchimento obrigatório. Deve ser preenchido a quantidade de animais vendidos ou a opção não houve.
quadro18.json,Valor:,V21030402,personalizada,VW21030400 > 600 && V21030401 > 0,alerta,Valor de ovinos vendidos acima do esperado. Confirmar com o produtor o número de ovinos vendidos e o valor total desses animais.
quadro18.json,Valor:,V21030402,personalizada,VW21030400 < 30 && V21030401 > 0,alerta,Valor de ovinos vendidos abaixo do esperado. Confirmar com o produtor o número de ovinos vendidos e o valor total desses animais.
quadro18.json,Animais tosquiados,V21040101,personalizada,(V21040101 + V21040201) == 0 && V21040000 != 1,erro,Preencha uma das opções ou marque a opção de que não houve produção de lã.
quadro18.json,Lã produzida (kg),V21040201,personalizada,V21040000 == 2 && V21040201 > 0 && V21040101 == 0,erro,Lã produzida sem animais tosquiados. Confirme com o produtor o número de animais tosquiados e faça o acerto necessário.
quadro18.json,Lã produzida (kg),V21040201,personalizada,V21040101 > 0 && V21040201 == 0,erro,Animais tosquiados sem lã produzida. Confirme com o produtor a quantidade de lã produzida e faça o acerto necessário.
quadro18.json,Lã produzida (kg),V21040201,personalizada,V21040000 == 2 && VW21040200 > 20,alerta,"Rendimento de lã acima do esperado. Confirme com o produtor o número de animais tosquiados, a quantidade de lã produzida e faça o acerto necessário."
quadro18.json,Lã produzida (kg),V21040201,personalizada,V21040000 == 2 && VW21040200 < 0.2 && V21040201 > 0,alerta,"Rendimento de lã abaixo do esperado. Confirme com o produtor o número de animais tosquiados, a quantidade de lã produzida e faça o acerto necessário."
quadro18.json,Lã produzida (kg),V21040201,personalizada,V21040000 == 2 && (V21040201 - V21040301) > 500,alerta,Lã produzida com pouca lã vendida. Confirme estas quantidades com o produtor e faça o acerto se for necessário.
quadro18.json,Lã vendida (kg),V21040301,personalizada,V21040000 == 2 && V21040301 > V21040201,erro,Quantidade de lã vendida maior que produzida. Confirme essas quantidades com o produtor e faça o acerto necessário.
quadro18.json,Preço médio do quilo da lã vendida,V21040401,personalizada,V21040401 > 30 && V21040401 > 0,alerta,"Preço médio do quilo da lã acima do esperado. Confirme com o produtor o preço de venda de 1 quilo de lã e faça o acerto, se necessário."
quadro18.json,Preço médio do quilo da lã vendida,V21040401,personalizada,V21040401 < 1 && V21040401 > 0,alerta,"Preço médio do quilo da lã abaixo do esperado. Confirme com o produtor o preço de venda de 1 quilo de lã e faça o acerto, se necessário."
quadro18.json,Ovelhas ordenhadas,V21050101,personalizada,(V21050101 + V21050201 == 0) && V21050000 != 1,erro,Preencha uma das opções ou marque a opção de que não houve produção de leite.
quadro18.json,Leite produzido (litros),V21050201,personalizada,V21050201 > 0 && V21050101 == 0,erro,Leite produzido sem ovelhas ordenhadas. Confirme com o produtor o número de ovelhas ordenhadas e faça o acerto necessário.
quadro18.json,Leite produzido (litros),V21050201,personalizada,V21050101 > 0 && V21050201 == 0,erro,Ovelhas ordenhadas sem leite produzido. Confirme com o produtor a quantidade de leite produzido e faça o acerto necessário.
quadro18.json,Leite produzido (litros),V21050201,personalizada,VW21050200 > 1000,alerta,"Rendimento de leite acima do esperado. Confirme com o produtor o número de ovelhas ordenhadas, a quantidade de leite produzido e faça o acerto, se necessário."
quadro18.json,Leite produzido (litros),V21050201,personalizada,VW21050200 < 30 && V21050201 > 0,alerta,"Rendimento de leite abaixo do esperado. Confirme com o produtor o número de ovelhas ordenhadas, a quantidade de leite produzido e faça o acerto, se necessário."
quadro18.json,Leite vendido (litros),V21050301,personalizada,V21050301 > V21050201,erro,"Leite vendido maior que o leite produzido, faça o acerto necessário."
quadro18.json,Preço médio do litro de leite vendido,V21050401,personalizada,V21050401 > 30,alerta,"Preço médio do litro de leite acima do esperado. Confirme com o produtor o preço de venda de 1 litro de leite e faça o acerto, se necessário."
quadro18.json,Preço médio do litro de leite vendido,V21050401,personalizada,V21050401 > 0 && V21050401 < 1,alerta,"Preço médio do litro de leite abaixo do esperado. Confirme com o produtor o preço de venda de 1 litro de leite e faça o acerto, se necessário."
quadro18.json,Preço médio do litro de leite vendido,V21050401,personalizada,V21050301 > V21050201,erro,Soma de leite vendido maior que leite produzido. Confirme essas quantidades com o produtor e faça o acerto necessário.
quadro18.json,Não houve produção de leite no estabelecimento no período de 01/10/2016 a 30/09/2017,V21050000,personalizada,V21010102 == 1 && V21010000 == 1 && V21040000 == 1 && V21050000 == 1,alerta,"Foi marcada a opção ovinos mas não houve efetivo, nem venda, nem produção de leite nem de lã. Confirme com o produtor e faça o acerto, se necessário."
quadro19.json,"Qual era o efetivo de galinhas, galos, frangas, frangos e pintos no estabelecimento em 30/09/2017?",V22010101,personalizada,V22010101 == 0 && V22010000 != 1,erro,Preenchimento obrigatório. Deve ser preenchido o efetivo de galinhas ou a opção não houve.
quadro19.json,"Qual era o efetivo de galinhas, galos, frangas, frangos e pintos no estabelecimento em 30/09/2017?",V22010101,personalizada,V22010101 > 100000,alerta,Total de aves acima do esperado. Confirme este número com o produtor e faça o acerto se for necessário.
quadro19.json,"Frangas, frangos e pintos para engorda",V22020101,personalizada,V22020101 + V22020201 + V22020301 + V22020401 != V22010101,erro,Composição do plantel de aves diferente do total de aves em 30/09/2017. Confirme com o produtor a quantidade desses animais e faça o acerto necessário
quadro19.json,Animais vendidos no período de 01/10/2016 a 30/09/2017,V22050001,personalizada,V22050001 == 0 && V22050000 != 1,erro,"Preencha o total ou marque que não houve venda de galinhas, galos, frangas, frangos e pintos de 1 dia."
quadro19.json,"Valor total da venda de galinhas, galos, frangos, frangas e pintos",V22050002,personalizada,VW22050300 > 20,alerta,"Valor dos animais vendidos acima do esperado. Confirme com o produtor a quantidade de animais vendidos e o valor total e faça o acerto, se necessário"
quadro19.json,"Valor total da venda de galinhas, galos, frangos, frangas e pintos",V22050002,personalizada,V22050002 > 0 && VW22050300 < 0.5,alerta,"Valor dos animais vendidos abaixo do esperado. Confirme com o produtor a quantidade de animais vendidos e o valor total e faça o acerto, se necessário"
quadro19.json,Quantidade de dúzias de ovos de galinha produzidos no estabelecimento no período de 01/10/2016 a 30/09/2017,V22080101,personalizada,V22080101 == 0 && V22080000 != 1,erro,Preenchimento obrigatório. Deve ser preenchido a quantidade de ovos produzida ou a opção não houve.
quadro19.json,Total de dúzias de ovos de galinha vendidos no período de 01/10/2016 a 30/09/2017,V22080401,personalizada,V22080401 > V22080101,erro,"Quantidade de ovos vendidos maior que o produzidos, faça o acerto necessário"
quadro19.json,Preço médio:,V22080402,personalizada,V22080402 > 10 && V22080401 > 0,alerta,"Preço médio unitário da dúzia de ovos vendidos acima do esperado. Confirme com o produtor o preço de 1 dúzia de ovos vendidos e faça o acerto, se necessário."
quadro19.json,Preço médio:,V22080402,personalizada,V22080402 > 0 && V22080402 < 1,alerta,"Preço médio unitário da dúzia de ovos vendidos abaixo do esperado. Confirme com o produtor o preço de 1 dúzia de ovos vendidos e faça o acerto, se necessário."
quadro19.json,Não houve produção de ovos de galinhas no estabelecimento no período de 01/10/2016 a 30/09/2017,V22080000,personalizada,V22050000 == 1 && V22010000 == 1 && V22080000 == 1,alerta,"Foi marcada a opção galinhas mas não houve efetivo, nem venda, nem produção de ovos. Confirme com o produtor e faça o acerto, se necessário."
quadro20.json,Quantidade de codornas no estabelecimento,V25010101,personalizada,V25010101 == 0 && V25010000 != 1,erro,Preenchimento obrigatório. deve ser preenchido a quantidade de codornas ou a opção não houve.
quadro20.json,Quantidade de codornas no estabelecimento,V25010101,personalizada,V25010101 > 5000,alerta,"Quantidade de codornas acima do esperado. Confirme com o produtor a quantidade de codornas existentes em 30/09/2017 e faça o acerto, se necessário."
quadro20.json,Quantidade de codornas vendidas,V25030101,personalizada,V25030101 == 0 && V25030000 != 1,erro,Preenchimento obrigatgório. Deve ser preenchido a quantidade de codornas vendidas ou a opção não houve venda.
quadro20.json,Preço médio da codorna vendida,V25030102,personalizada,V25030102 > 30,alerta,"Preço médio de codornas vendidas acima do esperado. Confirme com o produtor o preço médio de uma codorna vendida e faça o acerto, se necessário."
quadro20.json,Preço médio da codorna vendida,V25030102,personalizada,V25030102 < 1 && V25030102 > 0,alerta,"Preço médio de codornas vendidas abaixo do esperado. Confirme com o produtor o preço de uma codorna vendida e faça o acerto, se necessário."
quadro20.json,Quantidade produzida (DZ),V25040101,personalizada,V25040101 == 0 && V25040000 != 1,erro,Preenchimento obrigatório. Deve ser preenchido a quantidade de ovos produzios ou a opção não houve.
quadro20.json,Quantidade vendida (DZ),V25040201,personalizada,V25040201 > V25040101,erro,Dúzias de ovos de codornas vendidas maior que produzidos. Confirme com o produtor quantas dúzias de ovos de codornas foram produzidas e vendidas e faça o acerto necessário.
quadro20.json,Quantidade vendida (DZ),V25040201,personalizada,(V25040101 - V25040201) > 300,alerta,"Dúzias de ovos de codornas acima do esperado com quantidade vendida abaixo do esperado. Confirme com o produtor quantas dúzias de ovos de codornas foram produzidas e vendidas e faça o acerto, se necessário."
quadro20.json,Preço médio da dúzia de ovos vendida,V25040202,personalizada,V25040202 > 20,alerta,"Preço médio da dúzia de ovos de codornas vendida acima do esperado. Confirme com o produtor o preço médio de venda de uma dúzia de ovos de codornas e faça o acerto, se necessário."
quadro20.json,Preço médio da dúzia de ovos vendida,V25040202,personalizada,V25040202 < 1 && V25040202 > 0,alerta,"Preço médio da dúzia de ovos de codornas vendida abaixo do esperado. Confirme com o produtor o preço médio de venda de uma dúzia de ovos de codornas e faça o acerto, se necessário."
quadro20.json,Não houve produção e venda de ovos codornas no estabelecimento em 30/09/2017,V25040000,personalizada,V25010000 == 1 && V25030000 == 1 && V25040000 == 1,alerta,"Houve criação de codornas, mas não houve efetivo, animais vendidos nem produção de ovos. Confirme com o produtor e faça o acerto, se necessário."
quadro21.json,"Total de patos, gansos, marrecos, perdizes e faisões",V23010101,personalizada,V23010101 + V24010101 + V26010101 == 0 && V26010000 != 1,erro,Preenchimento obrigatório. Deve ser preenchido a quantidade de outras aves ou a opção não houve.
quadro21.json,Total de outras aves vendidas,V26030101,personalizada,V26030101 == 0 && V26030000 != 1,erro,Preenchimento obrigatório. Deve ser preenchido a quantidade vendida de outras aves ou a opção não houve.
quadro21.json,Valor total da venda,V26030102,personalizada,VW26030101 > 3000,alerta,"Valor dos animais vendidos acima do esperado. Confirme com o produtor o a quantidade de animais vendidos e o valor total e faça o acerto, se necessário."
quadro21.json,Valor total da venda,V26030102,personalizada,VW26030101 < 50 && V26030102 > 0,alerta,"Valor dos animais vendidos abaixo do esperado. Confirme com o produtor o a quantidade de animais vendidos e o valor total e faça o acerto, se necessário."
quadro21.json,Quantidade de ovos vendidos de outras aves,V26040201,personalizada,V26040201 == 0 && V26040000 != 1,erro,Preenchimento obrigatório. Deve ser preenchido a quantidade de ovos vendida de outras aves ou a opção não houve.
quadro21.json,Valor total da venda de ovos,V26040202,personalizada,VW26040201 > 3000,alerta,"Valor médio da dúzia de ovos vendidos acima do esperado. Confirme com o produtor a quantidade de animais e o valor total e faça o acerto, se necessário."
quadro21.json,Valor total da venda de ovos,V26040202,personalizada,VW26040201 < 50 && V26040202 > 0,alerta,"Valor médio da dúzia de ovos vendidos abaixo do esperado. Confirme com o produtor a quantidade de animais e o valor total e faça o acerto, se necessário."
quadro21.json,Não houve venda de ovos de outras aves,V26040000,personalizada,V26010000 == 1 && V26030000 == 1 && V26040000 == 1,alerta,"Houve criação de outras aves, mas não houve efetivo, animais vendidos nem produção de ovos. Confirme com o produtor e faça o acerto, se necessário."
quadro22.json,Numero de animais em 30/09/2017,V27010101,personalizada,V27010101 == 0 && V27010000 != 1,erro,Preenchimento obrigatório. Deve ser preenchido o número de animais ou a opção não houve.
quadro22.json,Numero de animais em 30/09/2017,V27010101,personalizada,V27010101 > 2000,alerta,"Total de coelhos acima do esperado. Confirme com o produtor a quantidade de coelhos existentes em 30/09/2017 e faça o acerto, se necessário."
quadro22.json,Não havia coelhos no estabelecimento em 30/09/2017,V27010000,personalizada,V27010000 == 1 && V27010300 == 1,alerta,"Foi marcada a opção coelhos mas não houve efetivo, nem venda. Confirme com o produtor e faça o acerto, se necessário"
quadro22.json,Animais vendidos no período de 01/10/2016 a 30/09/2017,V27010301,personalizada,V27010300 != 1 && V27010301 == 0,erro,Preencha o número de coelhos vendidos ou marque que não houve coelhos vendidos.
quadro22.json,Valor total da venda,V27010302,personalizada,VW27010300 > 50,alerta,"Preço médio de um coelho vendido acima do esperado. Confirme com o produtor o valor total dos coelhos vendidos e faça o acerto, se necessário."
quadro22.json,Valor total da venda,V27010302,personalizada,VW27010300 < 2 && V27010302 > 0,alerta,"Preço médio de um coelho vendido abaixo do esperado. Confirme com o produtor o valor total dos coelhos vendidos e faça o acerto, se necessário."
quadro23.json,Quantidade de mel vendido(Kg),V28020201,personalizada,V28020201 == 0 && V28020000 != 1,erro,Preenchimento obrigatório. Deve ser preenchido a quantidade de mel vendido ou a opção não houve.
quadro23.json,Preço médio do quilo vendido:,V28020202,personalizada,V28020202 > 80,alerta,"Preço médio unitário do quilo do mel vendido acima do esperado. Confirme com o produtor o preço de um quilo de mel vendido e faça o acerto, se necessário."
quadro23.json,Preço médio do quilo vendido:,V28020202,personalizada,V28020201 > 0 && V28020202 < 3,alerta,"Preço médio unitário do quilo do mel vendido abaixo do esperado. Confirme com o produtor o preço de 1 quilo de mel vendido e faça o acerto, se necessário."
quadro23.json,Quantidade de cera vendida(Kg),V28030201,personalizada,V28030201 == 0 && V28030000 != 1,erro,Preenchimento obrigatório. Deve ser preenchido a quantidade de cera vendida ou a opção não houve.
quadro23.json,Preço médio do quilo vendido,V28030202,personalizada,V28030202 > 50,alerta,"Preço médio unitário do quilo da cera vendida acima do esperado. Confirme com o produtor o preço de um quilo de cera vendida e faça o acerto, se necessário."
quadro23.json,Preço médio do quilo vendido,V28030202,personalizada,V28030201 > 0 && V28030202 < 5,alerta,"Preço médio unitário do quilo da cera vendida abaixo do esperado. Confirme com o produtor o preço de 1 quilo de cera vendida e faça o acerto, se necessário."
quadro23.json,Valor total da venda,V28040101,personalizada,V28040101 == 0 && V28040000 != 1,erro,Preenchimento obrigatório. Deve ser preenchido a quantidade vendida ou a opção não houve.
quadro23.json,Valor total da venda,V28040101,personalizada,V28040101 > 5000,alerta,"Valor total de geléia real, própolis e pólen acima do esperado. Confirme com o produtor este valor e faça o acerto, se for necessário."
quadro23.json,Total de caixas (colmeias) em 30/09/2017,V28080101,personalizada,V28080101 == 0 && V28080000 != 1,erro,Preenchimento obrigatório. Deve ser preenchido a quantidade vendida ou a opção não houve.
quadro23.json,Total de caixas (colmeias) em 30/09/2017,V28080101,personalizada,V28080101 > 99,alerta,Quantidade de caixas acima do esperado. Confirme com o produtor.
quadro23.json,Não havia caixas(colmeias) de abelha em 30/09/2017,V28080000,personalizada,V28020000 == 1 && V28030000 == 1 && V28040000 == 1 && V28080000 == 1,alerta,"Foi marcada a opção abelhas mas não houve venda de mel, cera, geleia real e própolis e não havia caixas. Confirme com o produtor e faça o acerto, se necessário."
quadro24.json,Tanques escavados/construídos,V29020100,personalizada,V29020100 != 2 && V29020200 != 2 && V29020300 != 2 && V29020400 != 2 && V29020600 != 2,erro,Pelo menos um local de criação deve ser selecionado.
quadro24.json,Área em m² de lâmina de água utilizada na criação,V29020500,personalizada,V29020500 > 1000000,alerta,"Área destinada a aquicultura maior que a esperada, Confirmar com o informante e faça o acerto se necessário."
quadro24.json,Carpa,V29040100,personalizada,V29040100 != 2 && V29040200 != 2 && V29040300 != 2 && V29040400 != 2 && V29040500 != 2 && V29040600 != 2 && V29040700 != 2 && V29042100 != 2 && V29040800 != 2 && V29040900 != 2 && V29041000 != 2 && V29041100 != 2 && V29041200 != 2 && V29041300 != 2 && V29041400 != 2 && V29041500 != 2 && V29041600 != 2 && V29041700 != 2 && V29041800 != 2 && V29041900 != 2 && V29042000 != 2,erro,Pelo menos uma espécie criada deve ser selecionada.
quadro24.json,Valor da venda,V29041602,personalizada,V29041602 > 20000,alerta,"Valor total de venda acima do esperado. Confirme com o produtor este valor e faça o acerto, se for necessário."
quadro24.json,Quantidade vendida (kg),V29050201,personalizada,V29050201 == 0 && V29050100 != 1,erro,Preenchimento obrigatório. Deve ser preenchido a quantidade de peixes vendidos ou a opção não houve.
quadro24.json,Preço médio,V29050202,personalizada,V29050202 > 30,alerta,"Preço médio unitário do quilo dos peixes vendidos acima do esperado. Confirme com o produtor o preço de um quilo de peixe vendido e faça o acerto, se necessário."
quadro24.json,Preço médio,V29050202,personalizada,V29050202 < 2,alerta,"Preço médio unitário do quilo do peixe vendidos abaixo do esperado. Confirme com o produtor o preço de um quilo de peixe vendido e faça o acerto, se necessário."
quadro24.json,Quantidade vendida (kg),V29060201,personalizada,V29060201 == 0 && V29060100 != 1,erro,Preenchimento obrigatório. Deve ser preenchido a quantidade camarão vendido ou a opção não houve.
quadro24.json,Preço médio:,V29060202,personalizada,V29060202 > 40,alerta,"Preço médio unitário do quilo do camarão vendido acima do esperado. Confirme com o produtor o preço de um quilo de camarão vendido e faça o acerto, se necessário."
quadro24.json,Preço médio:,V29060202,personalizada,V29060202 > 0 && V29060202 < 2,alerta,"Preço médio unitário do quilo do camarão vendido abaixo do esperado. Confirme com o produtor o preço de um quilo de camarão vendido e faça o acerto, se necessário."
quadro24.json,Quantidade vendida (dúzia),V29070201,personalizada,V29070201 == 0 && V29070100 != 1,erro,Preenchimento obrigatório. Deve ser preenchido a quantidade de ostras/veiras vendido ou a opção não houve.
quadro24.json,Preço médio:,V29070202,personalizada,V29070202 > 30,alerta,"Preço médio unitário da dúzia das ostras/vieiras vendido acima do esperado. Confirme com o produtor o preço da dúzia de ostras/vieiras vendido e faça o acerto, se necessário."
quadro24.json,Preço médio:,V29070202,personalizada,V29070202 > 0 && V29070202 < 1,alerta,"Preço médio unitário da dúzia das ostras/vieiras vendido abaixo do esperado. Confirme com o produtor o preço da dúzia de ostras/vieiras vendido e faça o acerto, se necessário."
quadro24.json,Quantidade vendida (kg),V29080201,personalizada,V29080201 == 0 && V29080100 != 1,erro,Preenchimento obrigatório. Deve ser preenchido a quantidade de mexilhões vendido ou a opção não houve.
quadro24.json,Preço médio:,V29080202,personalizada,V29080202 > 30,alerta,"Preço médio unitário do quilo do mexilhão vendido acima do esperado. Confirme com o produtor o preço de um quilo de mexilhão vendido e faça o acerto, se necessário."
quadro24.json,Preço médio:,V29080202,personalizada,V29080202 > 0 && V29080202 < 1,alerta,"Preço médio unitário do quilo do mexilhão vendido abaixo do esperado. Confirme com o produtor o preço de um quilo de mexilhão vendido e faça o acerto, se necessário."
quadro25.json,Quantidade vendida de carne (kg),V30010201,personalizada,V30010201 == 0 && V30010100 != 1,erro,Preenchimento obrigatório. Deve ser preenchido a quantidade de carne de rã vendido ou a opção não houve.
quadro25.json,Preço médio:,V30010202,personalizada,V30010202 > 80,alerta,"Preço médio do quilo de carne de rã vendida acima do esperado. Confirme com o produtor o preço de um quilo de carne de rã vendida e faça o acerto, se necessário."
quadro25.json,Preço médio:,V30010202,personalizada,V30010202 < 2 && V30010202 > 0,alerta,"Preço médio do quilo de carne de rã vendida abaixo do esperado. Confirme com o produtor o preço de um quilo de carne de rã vendida e faça o acerto, se necessário."
quadro26.json,Quantidade de casulos produzidos (kg),V31010101,personalizada,V31010101 == 0 && V31010000 != 1,erro,Preenchimento do quesito obrigatório. Deve ser preenchido a quantidade de casulos ou a opção não houve.
quadro26.json,Quantidade de casulos produzidos (kg),V31010101,personalizada,V31010101 > 5000,alerta,"Produção obtida de casulos acima do esperado. Confirme com o produtor quantos quilos de casulos foram obtidos no período de 01/10/2016 a 30/09/2017 e faça o acerto, se necessário."
quadro26.json,Quantidade de casulos vendidos (kg),V31010201,personalizada,V31010201 > V31010101,erro,Quantidade vendida maior que produzida. Confirme com o produtor quantos quilos de casulos foram obtidos e vendidos no período de 01/10/2016 a 30/09/2017 e faça o acerto necessário.
quadro26.json,Quantidade de casulos vendidos (kg),V31010201,personalizada,V31010101 == 0 && V31010201 == 0 && V31010000 == 2,erro,Preencha pelo menos um campo de produção de casulos ou marque que não houve produção de casulos.
quadro26.json,Preço médio:,V31010202,personalizada,V31010202 > 50,alerta,"Preço médio do quilo do casulo vendido acima do esperado. Confirme com o produtor o preço de um quilo de casulo vendido e faça o acerto, se necessário."
quadro26.json,Preço médio:,V31010202,personalizada,V31010202 < 5 && V31010202 > 0,alerta,"Preço médio do quilo do casulo vendido abaixo do esperado. Confirme com o produtor o preço de um quilo de casulo vendido e faça o acerto, se necessário."
quadro27.json,"Valor total  de venda do pescado, moluscos ou crustáceos no período de 01/10/2016 a 30/09/2017",V32040100,personalizada,V32040100 == 0 && V32040000 != 1,erro,Preenchimento obrigatório. Deve ser preenchido a quantidade vendida ou a opção não houve.
quadro27.json,"Valor total  de venda do pescado, moluscos ou crustáceos no período de 01/10/2016 a 30/09/2017",V32040100,personalizada,V32040100 > 5000,alerta,"Valor total da venda de pescado, moluscos e crustáceos acima do esperado. Confirme com o produtor este valor e faça o acerto, se for necessário."
quadro28.json,Lavoura temporária (produtos colhidos no período de 01/10/2016 a 30/09/2017),V33010100,personalizada,V33010100 != 2 && V33010200 != 2 && V33010300 != 2 && V33010400 != 2 && V33010500 != 2 && V33010600 != 2 && V33010700 != 2 && V33010000 != 1,erro,O preenchimento do quesito é obrigatório
quadro28.json,Produtos da silvicultura (produtos colhidos no período de 01/10/2016 a 30/09/2017),V33010700,personalizada,V33010700 == 1  && V33010600 == 2,alerta,Espécies da silvicultura existentes em 30/09/2017 sem produtos colhidos. Confirme com o produtor se houve colheita de algum produto da floresta plantada.
quadro37.json,Desinvestimento,V46011600,personalizada,V46011600 + V46011500 + V46010300 + V46011800 + V46011400 == 0 && V46010001 != 1,erro,Preenchimento obrigatório. Deve ser preenchido as receitas do estabelecimento ou a opção não houve.
quadro37.json,Recursos de aposentadorias ou pensões do produtor e cônjuge,V46010600,personalizada,((V46010600 + V46010700 + V46010900 + V46011000 + V46011100 + V46011200 + V46011300) == 0) && V46010000 != 1,erro,Preenchimento obrigatório. Deve ser preenchido as outras receitas do estabelecimento ou a opção não houve.
quadro37.json,Recursos de aposentadorias ou pensões do produtor e cônjuge,V46010600,personalizada,V46010600 > 50000,alerta,Receita obtida com recursos de aposentadoria ou pensão acima do esperado. Confirme o valor com o produtor e redigite o valor informado.
quadro37.json,Rendas obtidas em atividades fora do estabelecimento pelo produtor e cônjuge,V46010700,personalizada,V46010700 > 50000,alerta,Receita obtida com salários acima do esperado. Confirme com o produtor o valor recebido com salários em atividades fora do estabelecimento e 'redigite' o valor informado.
quadro37.json,Recebimento de prêmio do programa garantia safra,V46010900,personalizada,V46010900 > 50000,alerta,Receita obtida com programas do governo acima do esperado. Confirme o valor com o produtor e redigite o valor informado.
quadro37.json,Recebimento de prêmio do Programa Garantia da Atividade Agropecuária da Agricultura Familiar - PROAGRO Mais,V46011000,personalizada,V46011000 > 50000,alerta,Receita obtida com programas do governo acima do esperado. Confirme o valor com o produtor e redigite o valor informado.
quadro37.json,"Recebimento do Programa Nacional de Habitação Rural (MINHA CASA, MINHA VIDA)",V46011100,personalizada,V46011100 > 50000,alerta,Receita obtida com programas do governo acima do esperado. Confirme o valor com o produtor e redigite o valor informado.
quadro37.json,Recebimento de pagamento por serviços ambientais (BOLSA VERDE e Programas Estaduais),V46011200,personalizada,V46011200 > 50000,alerta,Receita obtida com programas do governo acima do esperado. Confirme o valor com o produtor e redigite o valor informado.
quadro37.json,"Recebimento de pagamento proveniente de Outros Programas dos Governos (Federal, Estadual ou Municipal)",V46011300,personalizada,V46011300 > 50000,alerta,Receita obtida com outros programas do governo acima do esperado. Confirme o valor com o produtor e redigite o valor informado.
quadro38.json,Investimento,V43020100,personalizada,V43020100 != 2 && V43020200 != 2 && V43020300 != 2 && V43020400 != 2,erro,Pelo menos uma finalidade deve ser selecionada..
quadro38.json,PRONAF,V43030101,personalizada,V43030000 == 2 && V43030101 != 2 && V43030105 != 2 && V43030106 != 2 && V43030107 != 2 && V43030108 != 2 && V43030110 != 2 && V43030109 != 2,erro,Preenchimento pelo menos um programa.
quadro38.json,Bancos,V43040100,personalizada,V43040100 != 2 && V43040200 != 2 && V43040300 != 2 && V43040400 != 2 && V43040500 != 2 && V43040600 != 2 && V43040700 != 2 && V43040800 != 2 && V43040900 != 2 && V43041000 != 2,erro,Pelo menos uma opção deve ser selecionada.
quadro39.json,Arrendamento,V45010100,personalizada,V03050000 > 0 && V45010100 == 0,alerta,Registre o valor gasto com Arrendamento.
quadro39.json,Arrendamento,V45010100,personalizada,V03050000 > 0 && V45010100 == 0,alerta,Estabelecimento possui terras arrendadas. Falta o valor dessa despesa. Confirme com o produtor e faça o acerto necessário.
quadro39.json,Arrendamento,V45010100,personalizada,(V45010100 + V45010200 + V45010300 + V45010500 + V45010800 + V45011200 + V45011400 + V45011500 + V45010900 + V45011900 + V45011300 + V45012300 + V45014200 + V45012500 + V45012600 + V45012800) == 0 && V45010000 != 1,alerta,Deve ser preenchido algum dos items ou a opção não houve.
quadro39.json,"Salários pagos pelo produtor, em dinheiro ou produtos (inclusive 13º salário, férias e encargos)",V45010300,personalizada,(VW09000001 + VW09000002) > 0 && V45010300 == 0,alerta,"Registre os Salários pagos pelo produtor, em dinheiro ou produtos (inclusive 13º salário, férias e encargos)."
quadro39.json,Contratação de serviços,V45010200,personalizada,V12010000 == 2 && V45010200 == 0,alerta,Registre o valor gasto com Contratação de serviços
quadro39.json,Contratação de serviços,V45010200,personalizada,V12010000 == 2 && V45010200 == 0,alerta,Houve contratação de serviços no estabelecimento no período de 01/10/2016 a 30/09/2017. Falta o valor dessa despesa. Confirme com o produtor e faça o acerto necessário.
quadro39.json,Adubos e corretivos,V45010500,personalizada,(V05150100 == 2 || V05150100 == 4) && V45010500 == 0,alerta,Estabelecimento utilizou adubos químicos no período de 01/10/2016 a 30/09/2017. falta o valor dessa despesa. Confirme com o produtor e faça o acerto necessário.
quadro39.json,Adubos e corretivos,V45010500,personalizada,V05140100 == 2 && V45010500 == 0,alerta,Estabelecimento utilizou corretivos do ph no período de 01/10/2016 a 30/09/2017. Falta o valor dessa despesa. Confirme com o produtor e faça o acerto necessário.
quadro39.json,Agrotóxicos,V45010800,personalizada,V05180100 == 2 && V45010800 == 0,alerta,Estabelecimento utilizou agrotóxicos. falta o valor dessa despesa. Confirme com o produtor e faça o acerto necessário.
quadro39.json,Medicamentos para animais,V45011400,personalizada,V13060000 == 2 && V45011400 == 0,alerta,"Estabelecimento faz controle de pragas ou doenças em animais. falta o valor da despesa com medicamentos. Confirme com o produtor se houve despesa com medicamentos no período de 01/10/2016 a 30/09/2017 e faça o acerto, se necessário."
quadro39.json,Sal e rações para animais,V45011500,personalizada,V13080000 == 1 && V45011500 == 0,alerta,"Estabelecimento faz suplementação alimentar nos animais com sal mineral ou rações. falta o valor dessa despesa. Confirme com o produtor se houve despesa com sal mineral ou rações no período de 01/10/2016 a 30/09/2017 e faça o acerto, se necessário."
quadro39.json,Sementes e mudas (exclusive mudas para novas culturas permanentes e silvicultura),V45010900,personalizada,"(condicaoVerdadeiraParaAlgumProduto(V34010100, V34021700, 2) || condicaoVerdadeiraParaAlgumProduto(V34010100, V34021700, 3) || condicaoVerdadeiraParaAlgumProduto(V34010100, V34021700, 4)) && V45010900 == 0",alerta,Estabelecimento utilizou sementes adquiridas na lavoura temporária. falta o valor dessa despesa. Confirme com o produtor e faça o acerto necessário.
quadro39.json,Energia elétrica,V45011900,personalizada,V05030100 == 2 && V45011900 == 0,alerta,Estabelecimento utilizou energia elétrica. falta o valor dessa despesa. Confirme com o produtor e faça o acerto necessário.
quadro39.json,Despesa com a compra de animais,V45011300,personalizada,V13010000 == 2 && V45011300 == 0,alerta,"Houve criação de animais e não houve despesa com compra de animais. Confirme com o produtor e faça o acerto, se necessário."
quadro39.json,Combustíveis e lubrificantes,V45014200,personalizada,V07010100 == 2 && V45014200 == 0,alerta,"Haviam máquinas, equipamentos ou veículos e não houve despesa com combustíveis e lubrificantes. Confirme com o produtor e faça o acerto, se necessário."
quadro39.json,Novas culturas permanentes e silvicultura,V45012500,personalizada,V45012500 > 0 && V04020000 == 0,alerta,"Valor com formação de lavoura permanente, sem área de lavoura permanente. Confirme com o produtor e registre o valor desse investimento."
quadro39.json,Formação de novas pastagens,V45012600,personalizada,V45012600 > 0 && V04060000 == 0 && V04070000 == 0 && V04110000 == 0,alerta,"Valor com formação de novas pastagens, sem área de pastagem plantada. Confirme com o produtor e registre o valor desse investimento."
quadro39.json,Outras despesas,V45012800,personalizada,(V05120200 == 2 || V05120500 == 2) && V45012800 == 0,alerta,"O estabelecimento recebe assistência técnica própria ou de empresa privada e não tem despesa com essa assistência. Confirme com o produtor e faça o acerto, se necessário."
quadro39.json,Outras despesas,V45012800,personalizada,VW45013600 > 500000,alerta,"Valor das despesas acima do esperado. Confirme com o produtor o valor de cada uma das despesas realizadas no período de 01/10/2016 a 30/09/2017, e faça o acerto, se necessário."
quadro40.json,CPF do produtor,V51010100,personalizada,V51010100 == null && V51010101 != 2,erro,Deve ser preenchido o número do CPF ou a opção não quis informar
quadro40.json,CPF do produtor,V51010100,cpf,V51010100 == null && V51010101 != 2,erro,Número do CPF incompleto. Confirme com o produtor essa informação e faça o acerto necessário
